﻿form,form_desc
3,Initial statement of beneficial ownership of securities 
4,Statement of changes in beneficial ownership of securities 
5,Annual statement of changes in beneficial ownership of securities 
25,Notification filed by issuer to voluntarily withdraw a class of securities from listing and registration on a national securities exchange 
144,Filing for proposed sale of securities under Rule 144 
425,Filing under Securities Act Rule 425 of certain prospectuses and communications in connection with business combination transactions 
487,Pre-effective pricing amendment filed pursuant to Securities Act Rule 487 
497,Definitive materials filed under paragraph (a) (b) (c) (d) (e) or (f) of Securities Act Rule 497 
1-APOS,Post-qualification amendment to a 1-A offering statement 
1-A-W,Withdrawal of offering statement under Regulation A 
1-A-W/A,Amendment to a withdrawal of offering statement under Regulation A 
1-A/A,Pre-qualification amendment for offering statement under Regulation A 
1-E,Notification under Regulation E by small business investment companies and business development companies filed on Form 1-E. 
1-EAD,Sales material filed pursuant to Rule 607 under Regulation E 
1-EAD/A,Amendment to sales material filed pursuant to Rule 607 under Regulation E 
1-E/A,Amendment to a notification under Regulation E by small business investment companies and business development companies filed on Form 1-E 
1-K,Annual Report Pursuant to Regulation A 
1-K/A,Amendment to Annual Report Pursuant to Regulation A 
1-SA,Semiannual Report Pursuant to Regulation A 
1-SA/A,Amendment to Semiannual Report Pursuant to Regulation A 
1-U,Current Report pursuant to Regulation A 
1-U/A,Amendment to Current Report pursuant to Regulation A 
1-Z,Exit Report under Regulation A 
1-Z-W,Withdrawal of Exit Report under Regulation A 
1-Z-W/A,Amendment to a withdrawal of Exit Report under Regulation A 
1-Z/A,Amendment to Exit Report under Regulation A 
10-12B,Initial general form for registration of a class of securities pursuant to Section 12(b) 
10-12B/A,Amendment 
10-12G,Initial general form for registration of a class of securities pursuant to Section 12(g) 
10-12G/A,Amendment 
10-D,Periodic distribution reports by asset- backed issuers pursuant to Rule 13a-17 or 15d-17 
10-D/A,Amendment 
10-K,Annual report pursuant to Section 13 and 15(d) 
10-K/A,Amendment 
10-KT,Transition report pursuant to Rule 13a-10 or 15d-10 
10-KT/A,Amendment 
10-Q,Quarterly report pursuant to Sections 13 or 15(d) 
10-Q/A,Amendment 
10-QT,Transition report pursuant to Rule 13a-10 or 15d-10 
11-K,Annual report of employee stock purchase savings and similar plans 
11-K/A,Amendment 
11-KT,Transition report pursuant to rule 13a-10 or 15d-10 
11-KT/A,Amendment 
13F-HR,Initial Quarterly Form 13F Holdings Report filed by institutional managers 
13F-HR/A,Amendment 
13F-NT,Initial Quarterly Form 13F Notice Report filed by institutional managers 
13F-NT/A,Amendment 
13H,Large Trader Registration Information Required of Large Traders Pursuant to the Securities Exchange Act of 1934 and Rule 13h-1 Thereunder 
13H-A,Annual Filing 
13H-I,Inactive Status 
13H-Q,Amended Filing 
13H-R,Reactivated Status 
13H-T,Termination Filing 
144/A,Amendment to Form 144 
15-12B,Notice of termination of registration of a class of securities under Section 12(b) 
15-12B/A,Amendment 
15-12G,Notice of termination of registration of a class of securities under Section 12(g) 
15-15D,Notice of suspension of duty to file reports pursuant to Section 13 and 15(d) of the Act 
15-15D/A,Amendment 
15F-12B,Notice of termination of a foreign private issuer’s registration of a class of securities under Section 12(b) 
15F-12B/A,Amendment 
15F-12G,Notice of termination of a foreign private issuer’s registration of a class of securities under Section 12(g) 
15F-12G/A,Amendment 
15F-15D,Notice of a foreign private issuer’s suspension of duty to file reports pursuant to Section 13 and 15(d) of the Act 
17HACON,Confidential broker dealer annual 17-H report 
17HACON/A,Amendment for confidential broker dealer annual 17-H report 
17HQCON,Confidential broker dealer quarterly 17-H report 
17HQCON/A,Amendment for confidential broker dealer quarterly 17-H report 
18-12G/A,Amendment 
18-12B,Form for initial registration of securities of foreign governments or political subdivisions pursuant to Section 12(b) 
18-12B/A,Amendment 
18-12G,Form for initial registration of securities of foreign governments or political subdivisions thereof pursuant to Section 12(g) 
18-K,Annual report for foreign governments and political subdivisions 
18-K/A,Amendment 
2-E,Report of sales of securities pursuant to Rule 609 under Regulation E filed on Form 2-E 
2-E/A,Amendment of a report of sales of securities pursuant to Rule 609 under Regulation E filed on Form 2-E 
20-F,Annual and transition report of foreign private issuers pursuant to Section 13 or 15(d) 
20-F/A,Amendment 
20FR12B,Form for initial registration of a class of securities of foreign private issuers pursuant to Section 12(b) 
20FR12B/A,Amendment 
20FR12G,Form for initial registration of a class of securities of foreign private issuers pursuant to Section 12(g) 
20FR12G/A,Amendment 
24F-2NT,Rule 24f-2 notice filed on Form 24F-2 
24F-2NT/A,Amendment 
25-NSE,Notification filed by national security exchange to report the removal from listing and registration of matured redeemed or retired securities 
25-NSE/A,Amendment 
25/A,Amendment 
253G1,Reflects information previously omitted from the offering circular in reliance on Rule 253(b) 
253G2,Reflects information that constitutes a substantive change from or addition to the information set forth in the last offering circular 
253G3,Reflects information covered in both 253G1 and 253G2 
253G4,Reflects information covered in 253G1 253G2 or 253G3 that is not being timely filed 
3/A,Amendment 
305B2/A,Amendment 
4/A,Amendment 
40-17F1,Initial certificate of accounting of securities and similar investments in the custody of management investment companies filed pursuant to Rule 17f-1 of the Investment Company Act of 1940 filed on Form N-17F-1 
40-17F1/A,Amendment 
40-17F2,Initial certificate of accounting of securities and similar investments in the custody of management investment companies filed pursuant to Rule 17f-2 of the Investment Company Act of 1940 filed on Form N-17F-2 
40-17F2/A,Amendment 
40-17G,Fidelity bond filed pursuant to Rule 17g-1(g)(1) of the Investment Company Act of 1940 
40-17G/A,Amendment 
40-17GCS,Filings of claim or settlement pursuant to rule 17g-1(g)(1)(2) or (3) of the Investment Company Act of 1940 
40-17GCS/A,Amendment 
40-24B2,Filing of sales literature pursuant to Rule 24b-2 under the Investment Company Act of 1940 
40-24B2/A,Amendment 
40-33,Copies of all stockholder derivative actions filed with a court against an investment company or an affiliate thereof pursuant to Section 33 of the Investment Company Act of 1940 
40-33/A,Amendment 
40-6B,Application under the Investment Company Act by an employees’ securities company submitted pursuant to Investment Company Act Rule 0-2 
40-6B/A,Amendment to an application under the Investment Company Act by an employees’ securities company submitted pursuant to Investment Company Act Rule 0-2 
40-8B25,Filing by investment company of application under Investment Company Act Rule 8b-25(a) requesting extension of time for filing certain information document or report 
40-8F-2,Initial application for deregistration pursuant to Investment Company Act Rule 0-2 
40-8F-2/A,Amendment 
40-APP,Application under the Investment Company Act submitted pursuant to Investment Company Act Rule 0-2 other than those reviewed by Office of Insurance Products 
40-APP/A,Amendment to an application under the Investment Company Act submitted pursuant to Investment Company Act Rule 0-2 other than those reviewed by Office of Insurance Products 
40-F,Annual report filed by certain Canadian issuers pursuant to Section 15(d) and Rule 15d-4 
40-F/A,Amendment 
40-OIP,Application under the Investment Company Act submitted pursuant to Investment Company Act Rule 0-2 reviewed by the Office of Insurance Products 
40-OIP/A,Amendment to an application under the Investment Company Act submitted pursuant to Investment Company Act Rule 0-2 reviewed by the Office of Insurance Products 
40FR12B,Registration of a class of securities of certain Canadian issuers pursuant to Section 12(b) of the 1934 Act 
40FR12B/A,Amendment 
40FR12G,Registration of a class of securities of certain Canadian issuers pursuant to Section 12(g) of the 1934 Act 
40FR12G/A,Amendment 
424B1,Prospectus filed pursuant to Rule 424(b)(1) 
424B2,Prospectus filed pursuant to Rule 424(b)(2) 
424B3,Prospectus filed pursuant to Rule 424(b)(3) 
424B4,Prospectus filed pursuant to Rule 424(b)(4) 
424B5,Prospectus filed pursuant to Rule 424(b)(5) 
424B7,Prospectus filed pursuant to Rule 424(b)(7) 
424B8,Prospectus filed pursuant to Rule 424(b)(8) 
424H,Preliminary Prospectus filed pursuant to Rule 424(h) 
424H/A,Amendment to Preliminary Prospectus filed pursuant to Rule 424(h) 
485APOS,Post-effective amendment filed pursuant to Securities Act Rule 485(a) (this filing cannot be submitted as a 1940 Act only filing) 
485BPOS,Post-effective amendment filed pursuant to Securities Act Rule 485(b) (this filing cannot be submitted as a 1940 Act only filing) 
485BXT,Post-effective amendment filed pursuant to Securities Act Rule 485(b)(1)(iii) to designate a new effective date for a post-effective amendment previously filed pursuant to Securities Act Rule 485(a) (this filing cannot be submitted as a 1940 Act only filing) 
486APOS,Post-effective amendment to filing filed pursuant to Securities Act Rule 486(a) (this filing cannot be submitted as a 1940 Act only filing) 
486BPOS,Post-effective amendment to filing filed pursuant to Securities Act Rule 486(b) (this filing cannot be submitted as a 1940 Act only filing) 
486BXT,Post-effective amendment filed pursuant to Securities Act Rule 486(b)(1)(iii) to designate a new effective date for a post-effective amendment previously filed pursuant to Securities Act Rule 486(a) (this filing cannot be submitted as a 1940 Act only filing) 
497AD,Filing by certain investment companies of Securities Act Rule 482 advertising in accordance with Securities Act Rule 497 
497H2,Filings made pursuant to Rule 497(h)(2) 
497J,Certification of no change in definitive materials under paragraph (j) of Securities Act Rule 497 
497K,Summary Prospectus for certain open-end management investment companies filed pursuant to Securities Act Rule 497(k) 
5/A,Amendment 
6-K,Current report of foreign issuer pursuant to Rules 13a-16 and 15d-16 
6-K/A,Amendments 
8-A12B,Form for the registration / listing of a class of securities on a national securities exchange pursuant to Section 12(b) 
8-A12B/A,Amendment 
8-A12G,Form for registration of a class of securities pursuant to Section 12(g) 
8-A12G/A,Amendment 
8-K,Current report filing 
8-K/A,Amendment 
8-K12B,Notification that a class of securities of successor issuer is deemed to be registered pursuant to Section 12(b) 
8-K12B/A,Amendment 
8-K12G3,Notification that a class of securities of successor issuer is deemed to be registered pursuant to Section 12(g) 
8-K12G3/A,Amendment 
8-K15D5,Notification of assumption of duty to report by successor issue under Section 15(d) 
8-K15D5/A,Amendment 
ABS-15G,Asset-backed securities report pursuant to Section 15G 
ABS-15G/A,Amendment 
ABS-EE,Form for Submission of Electronic Exhibits in asset-backed securities offerings 
ABS-EE/A,Amendment to Form for Submission of Electronic Exhibits in asset-backed securities offerings 
ANNLRPT,Periodic Development Bank filing submitted annually 
ANNLRPT/A,Amendment 
APPWD,Withdrawal of an application for exemptive or other relief from the federal securities laws 
APPWDAPPWD/A,Withdrawal of an application for exemptive or other relief from the federal securities laws 
APPWD/A,Withdrawal of an amendment to an application for exemptive or other relief from the federal securities laws 
ARS,Annual report to security holders 
ARS/A,Amendment 
ATS-N,Initial Form ATS-N Rule (304(a)(1)(i)) 
ATS-N-C,Notice of Cessation (Rule 304(a)(3)) 
ATS-N-W,Withdrawal of Form ATS-N filing 
ATS-N/CA,Correcting Amendment Rule (304(a)(2)(i)(C)) 
ATS-N/MA,Material Amendment Rule (304(a)(2)(i)(A)) 
ATS-N/OFA,Order Display and Fair Access Amendment (Rule 304(a)(2)(i)(D)) 
ATS-N/UA,Updating Amendment Rule (304(a)(2)(i)(B)) 
AW,Withdrawal of amendment to a registration statement filed under the Securities Act 
AWWD,Withdrawal of a request for withdrawal of an amendment to a registration statement 
C,Offering Statement 
C-AR,Annual Report 
C-AR-W,Annual Report Withdrawal 
C-AR/A,Amendment to Annual Report 
C-AR/A-W,Amendment to Annual Report Withdrawal 
C-TR,Termination of Reporting 
C-TR-W,Termination of Reporting Withdrawal 
C-U,Progress Update 
C-U-W,Progress Update Withdrawal 
C-W,Offering Statement Withdrawal 
C/A,Amendment to Offering Statement 
C/A-W,Amendment to Offering Statement Withdrawal 
CB,Notification form filed in connection with certain tender offers business combinations and rights offerings in which the subject company is a foreign private issuer of which less than 10% of its securities are held by U.S. persons 
CB/A,Amendment 
CERT,Certification by an exchange approving securities for listing 
CFPORTAL,Initial application of funding portal 
CFPORTAL-W,Withdrawal of the funding portal’s registration 
CFPORTAL/A,Amendment to registration including a successor registration 
CORRESP,A correspondence can be sent as a document with another submission type or can be sent as a separate submission. Correspondence is not publicly disseminated immediately. The SEC staff may release all or portions of these documents electronically if they relate to the staff’s review process. See SEC Press Release 2004-89 “SEC Staff to Publicly Release Comment Letters and Responses.” 
D,Official notice of an offering of securities that is made without registration under the Securities Act in reliance on an exemption provided by Regulation D and Section 4a(5) under the Act 
D/A,Amendment 
DEF14A,Definitive proxy statements 
DEF14C,Definitive information statements 
DEFA14A,Definitive additional proxy soliciting materials including Rule 14(a)(12) material 
DEFA14C,Definitive additional information statement materials including Rule 14(a)(12) material 
DEFC14A,Definitive proxy statement in connection with contested solicitations 
DEFC14C,Definitive information statement – contested solicitations 
DEFM14A,Definitive proxy statement relating to a merger acquisition or disposition 
DEFM14C,Definitive information statement relating to merger or acquisition 
DEFN14A,Definitive proxy statement filed by non-management 
DEFR14A,Definitive revised proxy soliciting materials 
DEFR14C,Definitive revised information statement materials 
DELAM,Separately filed delaying amendment under Securities Act Rule 473 to delay effectiveness of a 1933 Act registration statement 
DFAN14A,Definitive additional proxy soliciting materials filed by non-management including Rule 14(a)(12) material 
DFRN14A,Revised definitive proxy statement filed by non-management 
DOS,Non-public draft offering statement under Regulation A 
DOS/A,Non-public draft pre-qualification amendment for offering statement under Regulation A 
DOSLTR,Draft Offering Statement Letter 
DRS,Draft registration statement submitted by Emerging Growth Company under Securities Act Section 6(e) or by Foreign Private Issuer under Division of Corporation Finance policy 
DRS/A,Amended Draft Registration Statement 
DRSLTR,Correspondence Related to Draft Registration Statement 
DSTRBRPT,Distribution of primary obligations Development Bank report 
DSTRBRPT/A,Amendment 
F6EF,Auto effective registration statement for American Depositary Receipts representing securities of certain foreign private issuers 
F-1,Registration statement for securities of certain foreign private issuers 
F-1/A,Pre-effective amendment 
F-10,Registration statement for securities of certain Canadian issuers under the Securities Act of 1933 
F-10/A,Pre-effective amendment 
F-10EF,Auto effective registration statement for securities of certain Canadian issuers under the Securities Act of 1933 
F-10POS,Post-effective amendment to a F10EF registration 
F-1MEF,A new registration statement filed under Rule 462(b) to add securities to a prior related effective registration statement filed on Form F-1 
F-3,Registration statement for specified transactions by certain foreign private issuers 
F-3/A,Pre-Effective amendment 
F-3ASR,Automatic shelf registration statement of securities of well-known seasoned issuers 
F-3D,Registration statement for dividend or interest reinvestment plan securities of foreign private issuers 
F-3DPOS,Post-Effective amendment to a F-3D registration 
F-3MEF,A new registration statement filed under Rule 462(b) to add securities to a prior related effective registration statement filed on Form F-3 
F-4,Registration statement for securities issued by foreign private issuers in certain business combination transactions 
F-4POS,Post-effective amendment to a F-4EF registration 
F-4/A,Pre-effective amendment 
F-4EF,Auto effective registration statement for securities by certain foreign private issuers in connection with certain business combination transactions 
F-4MEF,A new registration statement filed under Rule 462(b) to add securities to a prior related effective registration statement filed on Form F-4 
F-6,Registration statement for American Depositary Receipts representing securities of certain foreign private issuers 
F-6POS,Post-effective amendment to a F-6EF registration 
F-6/A,Pre-effective amendment 
F-7,Registration statement for securities of certain Canadian issuers offered for cash upon the exercise of rights granted to existing security holders under the Securities Act of 1933 
F-7POS,Post-effective amendment to a F-7 registration 
F-7/A,Pre-effective amendment 
F-8,Registration statement for securities of certain Canadian issuers to be issued in exchange offers or a business combination under the Securities Act of 1933 
F-8POS,Post-effective amendment to a F-8 registration 
F-8/A,Pre-effective amendment 
F-80,Registration of securities of certain Canadian issuers to be issued in exchange offers or a business combination under the Securities Act of 1933 
F-80/A,Pre-effective amendment 
F-N,Notification of the appointment of an agent for service by certain foreign institutions 
F-N/A,Amendment 
F-X,For appointment of agent for service of process by issuers registering securities (if filed on Form F-8 F-9 F-10 or F-80 or registering securities or filing periodic reports on Form 40-F or by any person filing certain tender offer documents or by any person acting as trustee with respect to securities registered on form F-7 F-8 F-9 or F-10 
F-X/A,Amendment 
FWP,Filing under Securities Act Rules 163/433 of free writing prospectuses 
IRANNOTICE,Notice of disclosure filed in Exchange Act quarterly and annual reports pursuant to Section 219 of the Iran Threat Reduction and Syria Human Rights Act of 2012 and Section 13(r) of the Exchange Act 
MA,Application for Municipal Advisor Registration 
MA-A,Annual Update of Municipal Advisor Registration 
MA-I,Information Regarding Natural Persons Who Engage in Municipal Advisory Activities 
MA-I/A,Amendment of a previously submitted Form MA-I 
MA-W,Notice of Withdrawal from Registration as a Municipal Advisor 
MA/A,Amendment of a Prior Application for Registration 
N-1,Initial registration statement filed on Form N-1 for open-end management investment companies 
N-1/A,Pre-effective amendment to a registration statement filed on Form N-1 for open-end management investment companies (this filing cannot be submitted as a 1940 Act only filing) 
N-14,Initial registration statement filed on Form N-14 for open-end investment company including those filed with automatic effectiveness under Rule 488 (business combinations) 
N-148C,Initial registration statement filed on Form N-14 by closed-end investment company (business combinations) 
N-148C/A,Pre-effective amendment 
N-14/A,Pre-effective amendment 
N-14MEF,A new registration statement filed on Form N-14 by closed end investment companies filed under Securities Act Rule 462(b) of up to an additional 20% of securities for an offering that was registered on Form N-14 
N-18F1,Initial notification of election pursuant to Rule 18f-1 filed on Form N-18F-1 
N-18F1/A,Amendment 
N-1A,Initial registration statement filed on Form N-1A for open-end management investment companies 
N-1A/A,Pre-effective amendment to a registration statement filed on Form N-1A for open-end management investment companies (this filing cannot be submitted as a 1940 Act only filing) 
N-2,Initial filing of a registration statement on Form N-2 for closed-end investment companies 
N-2/A,Pre-effective amendment to a registration statement on Form N-2 for closed-end investment companies (this filing cannot be submitted as a 1940 Act only filing) 
N-23C-2,Notice by closed-end investment companies of intention to call or redeem their own securities under Investment Company Act Rule 23c-2 
N-23C-2/A,Amendment 
N-23C-3A,Notification of periodic repurchase offer Filed pursuant to Rule 23c-3(b) only 
N-23C-3A/A,Amendment 
N-23C-3B,Filing pursuant to Rule 23c-3(c) only on Form N-23C-3 
N-23C-3B/A,Amendment 
N-23C-3C,Filing pursuant to Rule 23c-3(b) and (c) on Form N-23C-3 
N-23C3-C/A,Amendment 
N-27D-1,Accounting for segregated trust accounts on Form N-27D-1 
N-27D-1/A,Amendment 
N-2MEF,A new registration statement on Form N-2 filed under Securities Act Rule 462(b) by closed-end investment companies of up to an additional 20% of securities for an offering that was registered on Form N-2 
N-3,Initial registration statement on Form N-3 for separate accounts (management investment companies) 
N-3/A,Pre-effective amendment to a registration statement on Form N-3 for separate accounts (management investment companies) (this filing cannot be submitted as a 1940 Act only filing) 
N-30B-2,Periodic and interim reports mailed to investment company shareholders (other than annual and semi-annual reports mailed to shareholders pursuant to Rule 30e-1) 
N-30D,Initial annual and semi-annual reports mailed to investment company shareholders pursuant to Rule 30e-1 (other than those required to be submitted as part of Form N-CSR) 
N-30D/A,Amendment 
N-4,Initial registration statement on Form N-4 for separate accounts (unit investment trusts) 
N-4/A,Pre-effective amendment to a registration statement on Form N-4 for separate accounts (unit investment trusts) (this filing cannot be submitted as a 1940 Act only filing) 
N-5,Registration statement for small business investment companies 
N-5/A,Pre-effective amendment to a registration statement on Form N-5 for small business investment companies (this filing cannot be submitted as a 1940 Act only filing) 
N-54A,Notification of election by business development companies filed on Form N-54A 
N-54A/A,Amendment 
N-54C,Notification of withdrawal by business development companies filed on Form N-54C 
N-54C/A,Amendment 
N-6,Registration statement for separate accounts (unit investment trusts) 
N-6/A,Pre-effective amendment to a registration statement filed on Form N-6 for separate accounts (unit investment trusts) 
N-6F,Notice of intent by business development companies to elect to be subject to Sections 55 through 65 of the 1940 Act filed on Form N-6F 
N-6F/A,Amendment 
N-8A,Initial notification of registration under Section 8(a) filed on Form N-8A 
N-8A/A,Amendment 
N-8B-2,Initial registration statement for unit investment trusts filed on Form N-8B-2 
N-8B-2/A,Amendment 
N-8B-3,Initial registration statement for periodic payment plans filed on Form N-8B-3 
N-8B-3/A,Amendment 
N-8B-4,Initial registration statement for face-amount certificate companies filed on Form N-8B-4 
N-8B-4/A,Amendment 
N-8F,Application for deregistration made on Form N-8F 
N-8F/A,Amendment 
N-CEN,Annual Report for Registered Investment Companies 
N-CEN/A,Amendment 
N-CR,Current Report of Money Market Fund Material Events 
N-CR/A,Amendment 
N-CSR,Certified annual shareholder report of registered management investment companies filed on Form N-CSR 
N-CSR/A,Amendment 
N-CSRS,Certified semi-annual shareholder report of registered management investment companies filed on Form NCSR 
N-CSRS/A,Amendment 
N-LIQUID,Current Report Open-End Management Investment Company Liquidity 
N-LIQUID/A,Amendment 
N-MFP2,Monthly Schedule of Portfolio Holdings of Money Market Funds on Form N-MFP 
N-MFP2N-MFP2/A,Monthly Schedule of Portfolio Holdings of Money Market Funds on Form N-MFP 
N-MFP2/A,Amendment 
N-PX,Annual Report of Proxy Voting Record of Registered Management Investment Companies filed on Form N-PX 
N-PX-CR,Annual Form N-PX Combination Report filed by institutional managers 
N-PX-CR/A,Amendment 
N-PX-FM,Annual Report of Proxy Voting Record of Registered Management Investment Companies that includes proxy votes institutional managers 
N-PX-FM/A,Amendment 
N-PX-NT,Annual Form N-PX Notice filed by institutional managers 
N-PX-NT/A,Amendment 
N-PX-VR,Annual Form N-PX Voting Report filed by institutional managers 
N-PX-VR/A,Amendment 
N-PX/A,Amendment 
N-Q,Quarterly Schedule of Portfolio Holdings of Registered Management Investment Company filed on Form N-Q 
N-Q/A,Amendment 
NPORT-NP/A,Amendment 
NPORT-EX,Portfolio Holdings Exhibit to Form N-PORT 
NPORT-EX/A,Amendment 
NPORT-NP,Monthly Portfolio Investments Report on Form N-PORT (Non- Public) 
NPORT-P,Monthly Portfolio Investments Report on Form N-PORT (Public) 
NPORT-P/A,Amendment 
NRSRO-CE/A,Amendment to Annual Certification for Nationally Recognized Statistical Rating Organizations 
NRSRO-FR/A,Amendment to Annual Financial/Other Reports for Nationally Recognized Statistical Rating Organizations as required by Rule 17g-3 (Non-Public) 
NRSRO-UPD,Update of Registration for Nationally Recognized Statistical Rating Organizations 
NRSRO-WCLS,Withdrawal from Credit Rating Class for Nationally Recognized Statistical Rating Organizations 
NRSRO-WREG,Withdrawal from Registration as Nationally Recognized Statistical Rating Organization 
NRSRO-CE,Annual Certification for Nationally Recognized Statistical Rating Organizations 
NRSRO-FR,Annual Financial/Other Reports for Nationally Recognized Statistical Rating Organizations as required by Rule 17g-3 (Non-Public) 
NSAR-A,Semi-annual report for management companies filed on Form N-SAR 
NSAR-A/A,Amendment 
NSAR-AT,Transitional semi-annual report filed on Form N-SAR 
NSAR-AT/A,Amendment 
NSAR-B,Annual report for management companies filed on Form N-SAR 
NSAR-B/A,Amendment 
NSAR-BT,Transitional annual report filed on Form N-SAR 
NSAR-BT/A,Amendment 
NSAR-U,Annual report for unit investment trusts filed on Form N-SAR 
NSAR-U/A,Amendment 
NT10-D,Notice under Rule 12b25 of inability to timely file all or part of a Form 10-D 
NT10-D/A,Amendment 
NT10-K,Notice under Rule 12b25 of inability to timely file all or part of a form 10-K 10-KSB or 10-KT 
NT10-K/A,Amendment 
NT10-Q,Notice under Rule 12b25 of inability to timely file all or part of a form 10-Q or 10-QSB 
NT10-Q/A,Amendment 
NT11-K,Notice under Rule 12b25 of inability to timely file all or part of a form 11-K 
NT11-K/A,Amendment 
NT15D2,Notice under Rule 12b25 of inability to timely file a special report pursuant to Section 15d-2 
NT15D2/A,Amendment 
NT20-F,Notice under Rule 12b25 of inability to timely file all or part of an annual report of form 20-F 
NT20-F/A,Amendment 
NT-NCEN,Notice under Exchange Act Rule 12b-25 of inability to timely file Form N-CEN 
NT-NCEN/A,Amendment 
NT-NCSR,Notice under Exchange Act Rule 12b25 of inability to timely file Form NCSR (annual or semi- annual report) 
NT-NCSR/A,Amendment 
NT-NSAR,Notice under Exchange Act Rule 12b-25 of inability to timely file Form NSAR 
NT-NSAR/A,Amendment 
POS8C,Post-effective amendment filed under the 1933 Act only or under both the 1933 and 1940 Acts pursuant to Section 8(c) of the 1933 Act by closed-end investment companies (this filing cannot be submitted as a 1940 Act only filing) 
POSAM,Post-effective amendment to a registration statement that is not immediately effective upon filing 
POSAMI,Post-effective amendment (for filings made under the 1940 Act only) 
POSEX,Post-effective amendment filed solely to add exhibits to a registration statement 
POS462B,Post-effective amendment to Securities Act Rule 462(b) registration statement 
POS462C,Post-effective amendment to a registration statement filed under Rule 462(c) 
POSASR,Post-effective Amendment to an automatic shelf registration statement on Form S-3ASR or Form F-3ASR 
PRE14A,Preliminary proxy statement not related to a contested matter or merger/acquisition 
PRE14C,Preliminary information statement not related to a contested matter or merger/acquisition 
PREC14A,Preliminary proxy statement in connection with contested solicitations 
PREC14C,Preliminary information statements – contested solicitations 
PREM14C,Preliminary information statements relating to merger or acquisition 
PREN14A,Preliminary proxy statement filed by non-management 
PRER14A,Preliminary revised proxy soliciting materials 
PRER14C,Preliminary revised information statements 
PRRN14A,Revised preliminary proxy statement filed by non-management 
PX14A6G,Notice of exempt solicitation 
PX14A6N,Notice of exempt solicitation for the purpose of determining whether to solicit proxies consents or authorizations in opposition to a proposed roll-up transaction filed pursuant to Rule 14a6(g) of the Securities Exchange Act of 1934 
QRTLYRPT,Periodic Development Bank filing submitted quarterly 
QRTLYRPT/A,Amendment 
RW,Registration Withdrawal Request 
RWWD,Withdrawal of a Registration Withdrawal Request 
S-1,General form of registration statement for all companies including face-amount certificate companies 
S-1/A,Pre-effective amendment 
S-11,Registration statement for securities to be issued by real estate companies 
S-11/A,Pre-effective amendment 
S-11MEF,A new registration statement filed under Rule 462(b) to add securities to a prior related effective registration statement filed on Form S-11 
S-1MEF,A new registration statement filed under Rule 462(b) to add securities to a prior related effective registration statement filed on Form S-1 
S-20,Registration statement for standardized options 
S-20/A,Pre-effective amendment 
S-3,Registration statement for specified transactions by certain issuers 
S-3/A,Pre-effective amendment 
S-3ASR,Automatic shelf registration statement of securities of well-known seasoned issuers 
S-3D,Automatically effective registration statement for securities issued pursuant to dividend or interest reinvestment plans 
S-3DPOS,Post-effective amendment to a S-3D registration statement 
S-3MEF,A new registration statement filed under Rule 462(b) to add securities to a prior related effective registration statement filed on Form S-3 
S-4,Registration of securities issued in business combination transactions 
S-4POS,Post-effective amendment to a S-4EF registration statement 
S-4/A,Pre-effective amendment 
S-4EF,Auto effective registration statement for securities issued in connection with the formation of a bank or savings and loan holding company in compliance with General Instruction G 
S-4MEF,A new registration statement filed under Rule 462(b) to add securities to a prior related effective registration statement filed on Form S-4 
S-6,Initial registration statement filed on Form S-6 for unit investment trusts 
S-6/A,Pre-effective amendment 
S-8,Initial registration statement for securities to be offered to employees pursuant to employee benefit plans 
S-8POS,Post-effective amendment to a S-8 registration statement 
S-B,Registration statement for securities of foreign governments and subdivisions thereof under the Securities Act of 1933 (Schedule B) 
S-B/A,Pre-effective amendment 
S-BMEF,A new registration statement filed under Rule 462(b) to add securities to a prior related effective registration statement filed on Form S-B 
SBSE,Application for Registration of Security- based Swap Dealers and Major Security- based Swap Participants 
SBSE-A,Application for Registration of Security- based Swap Dealers and Major Security- based Swap Participants that are Registered or Registering with the Commodity Futures Trading Commission as a Swap Dealer or Major Swap Participant 
SBSE-A/A,Amendment to an Application for Registration of Security-based Swap Dealers and Major Security-based Swap Participants that are Registered or Registering with the Commodity Futures Trading Commission as a Swap Dealer or Major Swap Participant 
SBSE-BD,Application for Registration of Security- based Swap Dealers and Major Security- based Swap Participants that are Registered Broker-dealers 
SBSE-BD/A,Amendment to an Application for Registration of Security-based Swap Dealers and Major Security-based Swap Participants that are Registered Broker-dealers 
SBSE-C,Certifications for Registration of Security- based Swap Dealers and Major Security- based Swap Participants 
SBSE-W,Request for Withdrawal from Registration as a Security-based Swap Dealer or Major Security-based Swap Participant 
SBSE/A,Amendment to an Application for Registration of Security-based Swap Dealers and Major Security-based Swap Participants 
SC13D,Schedule filed to report acquisition of beneficial ownership of 5% or more of a class of equity securities 
SC13D/A,Amendment 
SC13E1,Schedule 13-E1 statement of issuer required by Rule 13e-1 
SC13E1/A,Amendment 
SC13E3,Schedule filed to report going private transactions 
SC13E3/A,Amendment 
SC13G,Schedule filed to report acquisition of beneficial ownership of 5% or more of a class of equity securities by passive investors and certain institutions 
SC13G/A,Amendment 
SC14D9,Tender offer solicitation / recommendation statements filed under Rule 14-d9 
SC14D9/A,Amendment 
SC14F1,Statement regarding change in majority of directors pursuant to Rule 14f-1 
SC14F1/A,Amendment 
SC14N,Information filed by certain nominating shareholders (pursuant to Section 240 14n-1) 
SC14N/A,Amendment 
SCTO-C,Written communication relating to an issuer or third party tender offer 
SCTO-I,Issuer tender offer statement 
SCTO-I/A,Amendment 
SCTO-T,Third party tender offer statement 
SCTO-T/A,Amendment 
SC13E4F,Issuer tender offer statement filed pursuant to Rule 13(e)(4) by foreign issuers 
SC13E4F/A,Amendment 
SC14D1F,Third party tender offer statement filed pursuant to Rule 14d-1(b) by foreign issuers 
SC14D1F/A,Amendment 
SC14D9C,Written communication by the subject company relating to a third party tender offer 
SC14D9F,Solicitation/recommendation statement pursuant to Section 14(d)(4) of the Securities Exchange Act of 1934 and Rules 14d-1(b) and 14e-2(c) by foreign issuers 
SC14D9F/A,Amendment 
SD,Specialized Disclosure Report filed pursuant to Section 1502 of the Dodd-Frank Wall Street Reform and Consumer Protection Act relating to the use of conflict minerals (Rule 13p-1) 
SD/A,Amendment 
SDR,Application for Registration as Security- based Swap Data Repository 
SDR-A,Annual Amendment to Application for Registration as Security-based Swap Data Repository 
SDR-CCO,Annual Compliance Report and Financial Report for a Security-based Swap Data Repository 
SDR-CCO/A,Amendment to Annual Compliance Report and Financial Report for a Security-based Swap Data Repository 
SDR-W,Application for Withdrawal from Registration as Security-based Swap Data Repository 
SDR/A,Interim Amendment to Application for Registration as Security-based Swap Data Repository 
SF-1,General form of registration statement for all issuers of asset-backed securities 
SF-1/A,Pre-effective amendment to an SF-1 registration statement 
SF-1MEF,A new registration statement filed under Securities Act Rule 462(b) to add securities to a prior related effective registration statement filed on Form SF-1 
SF-3,Shelf registration statement for qualified offerings of asset-backed securities 
SF-3/A,Pre-effective amendment to an SF-3 registration statement 
SF-3MEF,A new registration statement filed under Rule 462(b) to add securities to a prior related effective registration statement filed on Form SF-3 
SH-ER,Weekly Form SH Entries Report Filed by Institutional Investment Managers 
SH-ER/A,Amendment 
SH-NT,Weekly Form SH Notice Report Filed by Institutional Investment Managers 
SH-NT/A,Amendment 
SP15D2,Special Financial Report filed under Rule 15d-2 
SP15D2/A,Amendment 
SUPPL,Voluntary supplemental material filed pursuant to Section 11(a) of the Securities Act of 1933 by foreign issuers 
T-3,Initial application for qualification of trust indentures 
T-3/A,Pre-effective amendment 
T-6,Application for determination of eligibility of a foreign person to act as institutional trustee filed pursuant to Section 310(a)(1) of the Trust Indenture Act of 1939 
T-6/A,Pre-effective amendment 
TA-1,Application for registration as a transfer agent filed pursuant to the Securities Exchange Act of 1934 
TA-1/A,Amendment 
TA-2,Annual report of transfer agent activities filed pursuant to the Securities Exchange Act of 1934 
TA-2/A,Amendment 
TA-W,Notice of withdrawal from registration as transfer agent filed pursuant to the Securities Exchange Act of 1934 
UNDER,Initial undertaking to file reports 
UNDER/A,Amendment 
X-17A-5,Annual Reports for a Broker-dealer pursuant to Section 17 of the Securities Exchange Act of 1934 and Rules 17a-5 and 17a-12 thereunder 
X-17A-5/A,Amendment to Annual Reports for a Broker- dealer pursuant to Section 17 of the Securities Exchange Act of 1934 and Rules 17a-5 and 17a-12 thereunder
REVOKED,emp
SC13G/A,emp
SC13G,emp
SC13D/A,emp
APPWD/A,emp
SC13D,emp
CERTNYS,emp
EFFECT,emp
POSAM,emp
UPLOAD,emp
SCTO-I,emp
NOACT,emp
PRE14A,emp
DEF14A,emp
S-8POS,emp
SCTO-T/A,emp
SCTO-C,emp
SCTO-T,emp
305B2,emp
DEF14C,emp
PRE14C,emp
NT10-Q,emp
N-MFP,emp
NTN10K,emp
SC14D9/A,emp
N-8FNTC,emp
N-8FORDR,emp
CTORDER,emp
SE,emp
SC14D9,emp
POSAMI,emp
SCTO-I/A,emp
PREM14A,emp
CERTNAS,emp
NT10-K,emp
FOCUSN,emp
NT20-F,emp
FOCUSN/A,emp
SC14F1,emp
SC13E3,emp
APPNTC,emp
APPORDR,emp
N-23C3B,emp
APPWDG,emp
APPWD,emp
N-148C/A,emp
N-MFP/A,emp
F-6EF,emp
CERTBATS,emp
POSEX,emp
CERTARCA,emp
N-23C3A,emp
F-6POS,emp
NT10-K/A,emp
1/A,emp
N-14,emp
19B-4E,emp
NT10-Q/A,emp
POS8C,emp
1-A,emp
15-12G/A,emp
SC13E3/A,emp
NTN10Q,emp
DELAM,emp
MSD/A,emp
NTFNCSR,emp
S-4POS,emp
QUALIF,emp
1-APOS,emp
RWWD,emp
G-FIN/A,emp
G-FIN,emp
ADV-NR,emp
424A,emp
F-80POS,emp
SC14F1/A,emp
MSDW,emp
NT11-K,emp
10-QT/A,emp
40-206A/A,emp
STOPORDER,emp
NTN-MFP,emp
F-7POS,emp
8-M,emp
REG-NR,emp
NTN10D,emp
1,emp
NT11-K/A,emp
NT20-F/A,emp
SC13E1,emp
N-23C3A/A,emp
2-A,emp
MSD,emp
34-12H,emp
SP15D2,emp
OIPNTC,emp
OIPORDR,emp
2-A/A,emp
NTFNSAR,emp
G-405N,emp
N-23C3C,emp
AWWD,emp
WDL-REQ,emp
40-202A/A,emp
G-405,emp